date,ticker,headline
2024-01-01,META,META stock falls amid supply chain issues
2024-01-02,NVDA,NVDA stock falls amid supply chain issues
2024-01-03,GS,GS market cap declines after disappointing outlook
2024-01-04,TSLA,TSLA holds steady as investors await earnings
2024-01-05,META,META shares rise after strong earnings report
2024-01-06,NVDA,NVDA stock falls amid supply chain issues
2024-01-07,ETH-USD,ETH-USD hosts annual developer conference
2024-01-08,GS,GS market cap reaches all-time high
2024-01-09,JPM,JPM market cap declines after disappointing outlook
2024-01-10,TSLA,TSLA market cap reaches all-time high
2024-01-11,NVDA,NVDA market cap declines after disappointing outlook
2024-01-12,NVDA,NVDA stock falls amid supply chain issues
2024-01-13,AAPL,AAPL hosts annual developer conference
2024-01-14,NVDA,NVDA market cap reaches all-time high
2024-01-15,AMZN,AMZN announces new product launch boosting investor confidence
2024-01-16,NVDA,NVDA announces board reshuffle
2024-01-17,NVDA,NVDA stock falls amid supply chain issues
2024-01-18,GOOGL,GOOGL shares rise after strong earnings report
2024-01-19,GOOGL,GOOGL market cap reaches all-time high
2024-01-20,AMZN,AMZN faces regulatory investigation concerns investors
2024-01-21,META,META market cap declines after disappointing outlook
2024-01-22,MSFT,MSFT hosts annual developer conference
2024-01-23,BTC-USD,BTC-USD market cap reaches all-time high
2024-01-24,AAPL,AAPL posts record quarterly revenue growth
2024-01-25,ETH-USD,ETH-USD stock falls amid supply chain issues
2024-01-26,GOOGL,GOOGL reports quarterly losses exceeding estimates
2024-01-27,MSFT,MSFT hosts annual developer conference
2024-01-28,JPM,JPM announces board reshuffle
2024-01-29,AMZN,AMZN posts record quarterly revenue growth
2024-01-30,BTC-USD,BTC-USD market cap reaches all-time high
2024-01-31,BTC-USD,BTC-USD shares drop after weak sales report
2024-02-01,TSLA,TSLA faces regulatory investigation concerns investors
2024-02-02,BTC-USD,BTC-USD stock surges amid positive analyst ratings
2024-02-03,AAPL,AAPL shares rise after strong earnings report
2024-02-04,TSLA,TSLA shares drop after weak sales report
2024-02-05,GOOGL,GOOGL market cap declines after disappointing outlook
2024-02-06,NVDA,NVDA shares rise after strong earnings report
2024-02-07,NVDA,NVDA hosts annual developer conference
2024-02-08,AMZN,AMZN holds steady as investors await earnings
2024-02-09,ETH-USD,ETH-USD shares rise after strong earnings report
2024-02-10,MSFT,MSFT posts record quarterly revenue growth
2024-02-11,TSLA,TSLA confirms dividend payout for next quarter
2024-02-12,AAPL,AAPL market cap reaches all-time high
2024-02-13,NVDA,NVDA posts record quarterly revenue growth
2024-02-14,MSFT,MSFT plans expansion into new markets
2024-02-15,AMZN,AMZN stock surges amid positive analyst ratings
2024-02-16,MSFT,MSFT confirms dividend payout for next quarter
2024-02-17,ETH-USD,ETH-USD market cap reaches all-time high
2024-02-18,GOOGL,GOOGL confirms dividend payout for next quarter
2024-02-19,TSLA,TSLA shares drop after weak sales report
2024-02-20,GOOGL,GOOGL market cap reaches all-time high
2024-02-21,AMZN,AMZN market cap declines after disappointing outlook
2024-02-22,NVDA,NVDA faces regulatory investigation concerns investors
2024-02-23,AAPL,AAPL posts record quarterly revenue growth
2024-02-24,META,META market cap reaches all-time high
2024-02-25,MSFT,MSFT holds steady as investors await earnings
2024-02-26,MSFT,MSFT stock surges amid positive analyst ratings
2024-02-27,META,META announces new product launch boosting investor confidence
2024-02-28,AAPL,AAPL hosts annual developer conference
2024-02-29,GS,GS announces board reshuffle
2024-03-01,GS,GS posts record quarterly revenue growth
2024-03-02,AMZN,AMZN posts record quarterly revenue growth
2024-03-03,TSLA,TSLA holds steady as investors await earnings
2024-03-04,NVDA,NVDA shares drop after weak sales report
2024-03-05,AAPL,AAPL market cap reaches all-time high
2024-03-06,META,META hosts annual developer conference
2024-03-07,GOOGL,GOOGL reports quarterly losses exceeding estimates
2024-03-08,BTC-USD,BTC-USD reports quarterly losses exceeding estimates
2024-03-09,BTC-USD,BTC-USD announces new product launch boosting investor confidence
2024-03-10,META,META stock falls amid supply chain issues
2024-03-11,MSFT,MSFT stock surges amid positive analyst ratings
2024-03-12,BTC-USD,BTC-USD faces regulatory investigation concerns investors
2024-03-13,AAPL,AAPL hosts annual developer conference
2024-03-14,MSFT,MSFT faces regulatory investigation concerns investors
2024-03-15,NVDA,NVDA announces board reshuffle
2024-03-16,ETH-USD,ETH-USD plans expansion into new markets
2024-03-17,TSLA,TSLA stock surges amid positive analyst ratings
2024-03-18,AMZN,AMZN reports quarterly losses exceeding estimates
2024-03-19,AMZN,AMZN stock surges amid positive analyst ratings
2024-03-20,GOOGL,GOOGL faces regulatory investigation concerns investors
2024-03-21,AMZN,AMZN stock falls amid supply chain issues
2024-03-22,GS,GS stock falls amid supply chain issues
2024-03-23,AAPL,AAPL market cap declines after disappointing outlook
2024-03-24,BTC-USD,BTC-USD hosts annual developer conference
2024-03-25,META,META shares drop after weak sales report
2024-03-26,JPM,JPM announces new product launch boosting investor confidence
2024-03-27,ETH-USD,ETH-USD reports quarterly losses exceeding estimates
2024-03-28,GOOGL,GOOGL plans expansion into new markets
2024-03-29,META,META faces regulatory investigation concerns investors
2024-03-30,AAPL,AAPL stock falls amid supply chain issues
2024-03-31,GS,GS market cap declines after disappointing outlook
2024-04-01,ETH-USD,ETH-USD market cap declines after disappointing outlook
2024-04-02,ETH-USD,ETH-USD hosts annual developer conference
2024-04-03,MSFT,MSFT shares rise after strong earnings report
2024-04-04,GS,GS stock surges amid positive analyst ratings
2024-04-05,ETH-USD,ETH-USD plans expansion into new markets
2024-04-06,AAPL,AAPL announces board reshuffle
2024-04-07,MSFT,MSFT announces new product launch boosting investor confidence
2024-04-08,MSFT,MSFT market cap reaches all-time high
2024-04-09,GS,GS posts record quarterly revenue growth
2024-04-10,GOOGL,GOOGL shares rise after strong earnings report
2024-04-11,ETH-USD,ETH-USD faces regulatory investigation concerns investors
2024-04-12,JPM,JPM stock surges amid positive analyst ratings
2024-04-13,ETH-USD,ETH-USD shares rise after strong earnings report
2024-04-14,NVDA,NVDA market cap reaches all-time high
2024-04-15,TSLA,TSLA market cap reaches all-time high
2024-04-16,TSLA,TSLA reports quarterly losses exceeding estimates
2024-04-17,BTC-USD,BTC-USD market cap declines after disappointing outlook
2024-04-18,NVDA,NVDA hosts annual developer conference
2024-04-19,AAPL,AAPL stock falls amid supply chain issues
2024-04-20,MSFT,MSFT stock falls amid supply chain issues
2024-04-21,BTC-USD,BTC-USD shares rise after strong earnings report
2024-04-22,GOOGL,GOOGL confirms dividend payout for next quarter
2024-04-23,AMZN,AMZN confirms dividend payout for next quarter
2024-04-24,AMZN,AMZN confirms dividend payout for next quarter
2024-04-25,ETH-USD,ETH-USD reports quarterly losses exceeding estimates
2024-04-26,GOOGL,GOOGL market cap declines after disappointing outlook
2024-04-27,GOOGL,GOOGL announces board reshuffle
2024-04-28,AAPL,AAPL shares drop after weak sales report
2024-04-29,JPM,JPM stock falls amid supply chain issues
2024-04-30,TSLA,TSLA market cap declines after disappointing outlook
2024-05-01,JPM,JPM hosts annual developer conference
2024-05-02,NVDA,NVDA shares rise after strong earnings report
2024-05-03,TSLA,TSLA shares drop after weak sales report
2024-05-04,ETH-USD,ETH-USD shares rise after strong earnings report
2024-05-05,AMZN,AMZN announces new product launch boosting investor confidence
2024-05-06,TSLA,TSLA market cap declines after disappointing outlook
2024-05-07,AMZN,AMZN faces regulatory investigation concerns investors
2024-05-08,NVDA,NVDA hosts annual developer conference
2024-05-09,GS,GS stock falls amid supply chain issues
2024-05-10,MSFT,MSFT holds steady as investors await earnings
2024-05-11,AAPL,AAPL holds steady as investors await earnings
2024-05-12,NVDA,NVDA stock surges amid positive analyst ratings
2024-05-13,AAPL,AAPL stock surges amid positive analyst ratings
2024-05-14,META,META market cap reaches all-time high
2024-05-15,META,META stock falls amid supply chain issues
2024-05-16,GOOGL,GOOGL market cap declines after disappointing outlook
2024-05-17,GOOGL,GOOGL stock surges amid positive analyst ratings
2024-05-18,BTC-USD,BTC-USD announces new product launch boosting investor confidence
2024-05-19,AMZN,AMZN posts record quarterly revenue growth
2024-05-20,AAPL,AAPL faces regulatory investigation concerns investors
2024-05-21,NVDA,NVDA confirms dividend payout for next quarter
2024-05-22,AAPL,AAPL posts record quarterly revenue growth
2024-05-23,GS,GS confirms dividend payout for next quarter
2024-05-24,AMZN,AMZN market cap declines after disappointing outlook
2024-05-25,AAPL,AAPL stock falls amid supply chain issues
2024-05-26,NVDA,NVDA faces regulatory investigation concerns investors
2024-05-27,AAPL,AAPL announces board reshuffle
2024-05-28,GOOGL,GOOGL posts record quarterly revenue growth
2024-05-29,GOOGL,GOOGL faces regulatory investigation concerns investors
2024-05-30,META,META stock falls amid supply chain issues
2024-05-31,GS,GS stock surges amid positive analyst ratings
2024-06-01,AMZN,AMZN market cap reaches all-time high
2024-06-02,ETH-USD,ETH-USD announces new product launch boosting investor confidence
2024-06-03,BTC-USD,BTC-USD shares rise after strong earnings report
2024-06-04,JPM,JPM reports quarterly losses exceeding estimates
2024-06-05,AAPL,AAPL hosts annual developer conference
2024-06-06,AAPL,AAPL shares drop after weak sales report
2024-06-07,META,META shares rise after strong earnings report
2024-06-08,GOOGL,GOOGL market cap reaches all-time high
2024-06-09,GOOGL,GOOGL holds steady as investors await earnings
2024-06-10,ETH-USD,ETH-USD shares rise after strong earnings report
2024-06-11,AAPL,AAPL holds steady as investors await earnings
2024-06-12,META,META market cap declines after disappointing outlook
2024-06-13,META,META market cap reaches all-time high
2024-06-14,JPM,JPM market cap reaches all-time high
2024-06-15,NVDA,NVDA holds steady as investors await earnings
2024-06-16,MSFT,MSFT announces board reshuffle
2024-06-17,JPM,JPM announces board reshuffle
2024-06-18,META,META confirms dividend payout for next quarter
2024-06-19,JPM,JPM faces regulatory investigation concerns investors
2024-06-20,GOOGL,GOOGL confirms dividend payout for next quarter
2024-06-21,TSLA,TSLA reports quarterly losses exceeding estimates
2024-06-22,AMZN,AMZN announces board reshuffle
2024-06-23,MSFT,MSFT posts record quarterly revenue growth
2024-06-24,JPM,JPM announces board reshuffle
2024-06-25,TSLA,TSLA posts record quarterly revenue growth
2024-06-26,GS,GS reports quarterly losses exceeding estimates
2024-06-27,JPM,JPM reports quarterly losses exceeding estimates
2024-06-28,ETH-USD,ETH-USD plans expansion into new markets
2024-06-29,AMZN,AMZN announces board reshuffle
2024-06-30,TSLA,TSLA stock surges amid positive analyst ratings
2024-07-01,JPM,JPM hosts annual developer conference
2024-07-02,ETH-USD,ETH-USD stock surges amid positive analyst ratings
2024-07-03,TSLA,TSLA shares drop after weak sales report
2024-07-04,BTC-USD,BTC-USD plans expansion into new markets
2024-07-05,BTC-USD,BTC-USD announces board reshuffle
2024-07-06,GOOGL,GOOGL announces new product launch boosting investor confidence
2024-07-07,MSFT,MSFT market cap reaches all-time high
2024-07-08,META,META shares drop after weak sales report
2024-07-09,NVDA,NVDA stock falls amid supply chain issues
2024-07-10,GS,GS plans expansion into new markets
2024-07-11,NVDA,NVDA announces new product launch boosting investor confidence
2024-07-12,BTC-USD,BTC-USD posts record quarterly revenue growth
2024-07-13,AAPL,AAPL holds steady as investors await earnings
2024-07-14,TSLA,TSLA market cap reaches all-time high
2024-07-15,JPM,JPM posts record quarterly revenue growth
2024-07-16,ETH-USD,ETH-USD announces new product launch boosting investor confidence
2024-07-17,MSFT,MSFT plans expansion into new markets
2024-07-18,AAPL,AAPL stock falls amid supply chain issues
